150115_NS500577_0008_AH2NV7BGXX,TANGO-006,2015-01-15,Shilatifard,0,0
150223_NS500577_0012_AH57G3BGXX,TANGO-011,2015-02-23,Shilatifard,0,0
150227_NS500577_0013_AH3MJFBGXX_2,"""""",2000-01-01,"""""",0,0
150303_NS500577_0014_AH3LYFBGXX,TANGO-007,2015-03-03,Shilatifard,0,0
150310_NS500577_0015_AH3MKLBGXX,TANGO-019,2015-03-10,Shilatifard,0,0
150319_NS500577_0016_AH3MC5BGXX,TANGO-021,2015-03-19,Shilatifard,0,1
150319_NS500577_0017_AH3LYCBGXX,TANGO-021,2015-03-19,Shilatifard,0,1
150320_NS500577_0018_AH3MHYBGXX,TANGO-017,2015-03-20,Shilatifard,1,0
150320_NS500577_0018_AH3MHYBGXX,TANGO-018,2015-03-20,Shilatifard,1,1
150320_NS500577_0019_AH3MJGBGXX,TANGO-008,2015-03-20,Shilatifard,0,0
150321_NS500577_0020_AH3MGMBGXX,TANGO-021,2015-03-21,Shilatifard,0,1
150331_NS500577_0021_AH3LTHBGXX,TANGO-018,2015-03-31,Shilatifard,1,1
150331_NS500577_0021_AH3LTHBGXX,TANGO-022,2015-03-31,Shilatifard,1,0
150401_NS500577_0022_AH3MKHBGXX,TANGO-024,2015-04-01,Shilatifard,0,0
150402_NS500577_0023_AH7FHNBGXX,TANGO-020,2015-04-02,Shilatifard,0,0
150406_NS500577_0024_AH7537BGXX,TANGO-018,2015-04-06,Shilatifard,1,1
150406_NS500577_0024_AH7537BGXX,TANGO-028,2015-04-06,Shilatifard,1,0
150407_NS500577_0025_AH7FT3BGXX,TANGO-027,2015-04-07,Shilatifard,0,0
150414_NS500577_0026_AH7FKFBGXX,TANGO-026,2015-04-14,Shilatifard,0,0
150420_NS500577_0027_AH72LVBGXX,TANGO-040,2015-04-20,Shilatifard,0,0
150421_NS500577_0028_AH7FKLBGXX,TANGO-029,2015-04-21,Shilatifard,1,0
150421_NS500577_0028_AH7FKLBGXX,TANGO-041,2015-04-21,Shilatifard,1,0
150421_NS500577_0029_AH7FKYBGXX,TANGO-034,2015-04-21,Shilatifard,1,0
150421_NS500577_0029_AH7FKYBGXX,TANGO-039,2015-04-21,Shilatifard,1,0
150422_NS500577_0030_AHCCYLBGXX,Aging_Flu_20150422,2015-04-22,Misharin,0,0
150423_NS500577_0031_AH75LCBGXX,TANGO-036,2015-04-23,Shilatifard,0,0
150429_NS500577_0032_AH752HBGXX,TANGO-023,2015-04-29,Shilatifard,0,0
150430_NS500577_0033_AH772TBGXX,TANGO-046,2015-04-30,Shilatifard,0,0
150505_NS500577_0034_AH7Y5YBGXX,TANGO-025,2015-05-05,Shilatifard,0,0
150506_NS500577_0035_AH7YC3BGXX,TANGO-037,2015-05-06,Shilatifard,1,0
150506_NS500577_0035_AH7YC3BGXX,TANGO-042,2015-05-06,Shilatifard,1,0
150507_NS500577_0036_AH7MJYBGXX,TANGO-044,2015-05-07,Shilatifard,0,0
150508_NS500577_0037_AH7MHTBGXX,TANGO-051,2015-05-08,Shilatifard,0,0
150511_NS500577_0038_AH7MHMBGXX,TANGO-045,2015-05-11,Shilatifard,1,0
150511_NS500577_0038_AH7MHMBGXX,TANGO-052,2015-05-11,Shilatifard,1,0
150512_NS500577_0039_AH7YF5BGXX,TANGO-031,2015-05-12,Shilatifard,1,0
150512_NS500577_0039_AH7YF5BGXX,TANGO-035,2015-05-12,Shilatifard,1,0
150513_NS500577_0040_AH7MTFBGXX,TANGO-038,2015-05-13,Shilatifard,1,0
150513_NS500577_0040_AH7MTFBGXX,TANGO-053,2015-05-13,Shilatifard,1,0
150514_NS500577_0041_AH7YCFBGXX,TANGO-055,2015-05-14,Shilatifard,0,0
150515_NS500577_0042_AH7MHNBGXX,TANGO-057,2015-05-15,Shilatifard,0,0
150518_NS500577_0043_AH7MKCBGXX,TANGO-030,2015-05-18,Shilatifard,1,0
150518_NS500577_0043_AH7MKCBGXX,TANGO-032,2015-05-18,Shilatifard,1,0
150519_NS500577_0044_AHCF5MBGXX,TANGO-047,2015-05-19,Shilatifard,1,0
150519_NS500577_0044_AHCF5MBGXX,TANGO-048,2015-05-19,Shilatifard,1,0
150520_NS500577_0045_AHCGGCBGXX,CX3CR1_STIA_Sasha_20150520_1,2015-05-20,Misharin,0,0
150521_NS500577_0046_AHCF5HBGXX,TANGO-054,2015-05-21,Shilatifard,1,0
150521_NS500577_0046_AHCF5HBGXX,TANGO-059,2015-05-21,Shilatifard,1,0
150521_NS500577_0046_AHCF5HBGXX,TANGO-064,2015-05-21,Shilatifard,1,0
150522_NS500577_0047_AHCF7HBGXX,"""""",2000-01-01,"""""",0,0
150601_NS500577_0049_AHCF5WBGXX,TANGO-063,2015-06-01,Shilatifard,0,0
150602_NS500577_0050_AHCCV7BGXX,TANGO-058,2015-06-02,Shilatifard,0,0
150603_NS500577_0051_AHCCVTBGXX,TANGO-049,2015-06-03,Shilatifard,0,0
150605_NS500577_0052_AHCF7FBGXX,"""""",2000-01-01,"""""",0,0
150608_NS500577_0053_AHCF3YBGXX,TANGO-071,2015-06-08,Shilatifard,0,0
150608_NS500577_0054_AHCFCMBGXX,TANGO-072,2015-06-08,Shilatifard,0,0
150609_NS500577_0055_AHCHF5BGXX,CX3CR1_STIA_Sasha_20150520_2,2015-06-09,Misharin,0,0
150611_NS500577_0056_AHCHYMBGXX,TANGO-073,2015-06-11,Shilatifard,0,0
150616_NS500577_0057_AHFWGMBGXX,TANGO-074,2015-06-16,Shilatifard,0,0
150617_NS500577_0058_AHFW5JBGXX,TANGO-066,2015-06-17,Shilatifard,0,0
150618_NS500577_0059_AHFV5LBGXX,TANGO-067,2015-06-18,Shilatifard,1,0
150618_NS500577_0059_AHFV5LBGXX,TANGO-077,2015-06-18,Shilatifard,1,0
150618_NS500577_0059_AHFV5LBGXX,TANGO-078,2015-06-18,Shilatifard,1,0
150619_NS500577_0060_AHFVCHBGXX,TANGO-068,2015-06-19,Shilatifard,1,0
150619_NS500577_0060_AHFVCHBGXX,TANGO-075,2015-06-19,Shilatifard,1,0
150619_NS500577_0060_AHFVCHBGXX,TANGO-079,2015-06-19,Shilatifard,1,0
150622_NS500577_0061_AHFV5JBGXX,TANGO-076,2015-06-22,Shilatifard,0,0
150623_NB501015_0001_AHHK5MBGXX,"""""",2000-01-01,"""""",0,0
150623_NS500577_0062_AHFWFCBGXX,TANGO-081,2015-06-23,Shilatifard,0,0
150624_NS500577_0063_AHFW5LBGXX,TANGO-070,2015-06-24,Shilatifard,0,0
150625_NB501015_0002_AHFWFWBGXX,TANGO-080,2015-06-25,Shilatifard,1,0
150625_NB501015_0002_AHFWFWBGXX,TANGO-082,2015-06-25,Shilatifard,1,0
150702_NS500577_0064_AHCVWWBGXX,TANGO-083,2015-07-02,Shilatifard,1,0
150702_NS500577_0064_AHCVWWBGXX,TANGO-089,2015-07-02,Shilatifard,1,0
150706_NS500577_0065_AHCW22BGXX,TANGO-084,2015-07-06,Shilatifard,1,0
150706_NS500577_0065_AHCW22BGXX,TANGO-088,2015-07-06,Shilatifard,1,0
150708_NS500577_0066_AHCN3YBGXX,TANGO-050,2015-07-08,Shilatifard,1,0
150708_NS500577_0066_AHCN3YBGXX,TANGO-086,2015-07-08,Shilatifard,1,0
150708_NS500577_0066_AHCN3YBGXX,TANGO-090,2015-07-08,Shilatifard,1,0
150708_NS500577_0066_AHCN3YBGXX,TANGO-092,2015-07-08,Shilatifard,1,0
150709_NS500577_0067_AHCVWVBGXX,TANGO-085,2015-07-09,Shilatifard,0,0
150710_NS500577_0068_AHCTKNBGXX,TANGO-091,2015-07-10,Shilatifard,1,0
150710_NS500577_0068_AHCTKNBGXX,TANGO-095,2015-07-10,Shilatifard,1,0
150716_NB501015_0003_AHFWF7BGXX,TANGO-099,2015-07-16,Shilatifard,1,1
150716_NB501015_0003_AHFWF7BGXX,TANGO-101,2015-07-16,Shilatifard,1,0
150716_NS500577_0069_AHCTN7BGXX,TANGO-100,2015-07-16,Shilatifard,0,0
150720_NS500577_0070_AHCTL3BGXX,TANGO-96,2015-07-20,Shilatifard,0,0
150723_NB501015_0004_AHFYLNBGXX,TANGO-093,2015-07-23,Shilatifard,1,0
150723_NB501015_0004_AHFYLNBGXX,TANGO-098,2015-07-23,Shilatifard,1,0
150724_NS500577_0071_AHCVWYBGXX,TANGO-087,2015-07-24,Shilatifard,0,1
150727_NS500577_0072_AHCN5KBGXX,TANGO-062,2015-07-27,Shilatifard,0,0
150729_NS500577_0073_AHCW3JBGXX,TANGO-102,2015-07-29,Shilatifard,1,0
150729_NS500577_0073_AHCW3JBGXX,TANGO-104,2015-07-29,Shilatifard,1,0
150729_NS500577_0073_AHCW3JBGXX,TANGO-107,2015-07-29,Shilatifard,1,0
150729_NS500577_0073_AHCW3JBGXX,TANGO-108,2015-07-29,Shilatifard,1,0
150807_NB501015_0005_AHHKH2BGXX,TANGO-111,2015-08-07,Shilatifard,1,0
150807_NB501015_0005_AHHKH2BGXX,TANGO-112,2015-08-07,Shilatifard,1,0
150810_NB501015_0006_AHHJWMBGXX,TANGO-097,2015-08-10,Shilatifard,1,0
150810_NB501015_0006_AHHJWMBGXX,TANGO-114,2015-08-10,Shilatifard,1,0
150810_NS500577_0074_AHHKFTBGXX,TANGO-127,2015-08-10,Shilatifard,0,0
150811_NB501015_0007_AHHKGMBGXX,TANGO-103,2015-08-11,Shilatifard,0,0
150811_NS500577_0075_AHHKFMBGXX,TANGO-105,2015-08-11,Shilatifard,1,0
150811_NS500577_0075_AHHKFMBGXX,TANGO-109,2015-08-11,Shilatifard,1,0
150813_NS500577_0076_AHHKLWBGXX,TANGO-125,2015-08-13,Shilatifard,0,0
150814_NS500577_0077_AHHKFJBGXX,TANGO-124,2015-08-14,Shilatifard,1,0
150814_NS500577_0077_AHHKFJBGXX,TANGO-128,2015-08-14,Shilatifard,1,0
150818_NS500577_0078_AHHKGGBGXX,TANGO-087,2015-08-18,Shilatifard,0,1
150819_NS500577_0079_AHHKLTBGXX,TANGO-106,2015-08-19,Shilatifard,1,0
150819_NS500577_0079_AHHKLTBGXX,TANGO-117,2015-08-19,Shilatifard,1,0
150820_NS500577_0080_AHHKGTBGXX,TANGO-094,2015-08-20,Shilatifard,0,0
150826_NB501015_0008_AHJTL2BGXX,TANGO-129,2015-08-26,Shilatifard,0,0
150827_NB501015_0009_AHJW3WBGXX,TANGO-113,2015-08-27,Shilatifard,1,0
150827_NB501015_0009_AHJW3WBGXX,TANGO-116,2015-08-27,Shilatifard,1,0
150827_NS500577_0081_AHCHNHBGXX,Casp8_Bleo_Macrophage_RNA_1,2015-08-27,Misharin,0,0
150828_NB501015_0010_AHJT22BGXX,TANGO-121,2015-08-28,Shilatifard,0,0
150829_NB501015_0011_AHJWF5BGXX,TANGO-110,2015-08-29,Shilatifard,0,0
150831_NB501015_0012_AHJW3TBGXX,TANGO-130,2015-08-31,Shilatifard,0,0
150901_NB501015_0013_AHJNMWBGXX,TANGO-123,2015-09-01,Shilatifard,1,0
150901_NB501015_0013_AHJNMWBGXX,TANGO-126,2015-09-01,Shilatifard,1,0
150901_NB501015_0013_AHJNMWBGXX,TANGO-145,2015-09-01,Shilatifard,1,0
150902_NB501015_0014_AHJWVHBGXX,TANGO-119,2015-09-02,Shilatifard,0,0
150902_NS500577_0082_AHCHJMBGXX,Casp8_Bleo_Macrophage_RNA_2,2015-09-02,Misharin,0,0
150903_NB501015_0015_AHJWCJBGXX,TANGO-135,2015-09-03,Shilatifard,0,0
150903_NS500577_0083_AHJWFCBGXX,TANGO-141,2015-09-03,Shilatifard,1,0
150903_NS500577_0083_AHJWFCBGXX,TANGO-142,2015-09-03,Shilatifard,1,0
150909_NS500577_0084_AHJY22BGXX,TANGO-134,2015-09-09,Shilatifard,1,0
150909_NS500577_0084_AHJY22BGXX,TANGO-138,2015-09-09,Shilatifard,1,0
150914_NS500577_0085_AHLH5HBGXX,TANGO-139,2015-09-14,Shilatifard,1,0
150914_NS500577_0085_AHLH5HBGXX,TANGO-148,2015-09-14,Shilatifard,1,0
150914_NS500577_0085_AHLH5HBGXX,TANGO-149,2015-09-14,Shilatifard,1,0
150915_NB501015_0016_AHLH7NBGXX,TANGO-143,2015-09-15,Shilatifard,1,1
150915_NB501015_0016_AHLH7NBGXX,TANGO-144,2015-09-15,Shilatifard,1,1
150915_NS500577_0086_AHLH55BGXX,TANGO-131,2015-09-15,Shilatifard,0,0
150916_NB501015_0017_AHLHF2BGXX,TANGO-118,2015-09-16,Shilatifard,0,0
150916_NS500577_0087_AHLHGYBGXX,TANGO-147,2015-09-16,Shilatifard,0,0
150917_NB501015_0018_AHLH57BGXX,TANGO-120,2015-09-17,Shilatifard,0,0
150917_NS500577_0088_AHLHGHBGXX,TANGO-143,2015-09-17,Shilatifard,1,1
150917_NS500577_0088_AHLHGHBGXX,TANGO-144,2015-09-17,Shilatifard,1,1
150923_NS500577_0089_AHLHH7BGXX,TANGO-153,2015-09-23,Shilatifard,1,0
150923_NS500577_0089_AHLHH7BGXX,TANGO-154,2015-09-23,Shilatifard,1,0
150923_NS500577_0089_AHLHH7BGXX,TANGO-156,2015-09-23,Shilatifard,1,0
150925_NS500577_0090_AHLH5CBGXX,TANGO-152,2015-09-25,Shilatifard,0,0
150928_NS500577_0091_AHLHCCBGXX,TANGO-151,2015-09-28,Shilatifard,0,0
151008_NS500577_0092_AHLFGWBGXX,TANGO-160,2015-10-08,Shilatifard,0,0
151009_NB501015_0019_AHLHCGBGXX,TANGO-115,2015-10-09,Shilatifard,0,0
151009_NS500577_0093_AHLHJ5BGXX,TANGO-157,2015-10-09,Shilatifard,1,0
151009_NS500577_0093_AHLHJ5BGXX,TANGO-158,2015-10-09,Shilatifard,1,0
151012_NB501015_0020_AHLHF5BGXX,TANGO-162,2015-10-12,Shilatifard,0,0
151012_NS500577_0094_AHLFH3BGXX,TANGO-164,2015-10-12,Shilatifard,0,0
151013_NS500577_0095_AHLGVGBGXX,TANGO-163,2015-10-13,Shilatifard,0,0
151014_NB501015_0021_AHLH3YBGXX,TANGO-166,2015-10-14,Shilatifard,1,0
151014_NB501015_0021_AHLH3YBGXX,TANGO-171,2015-10-14,Shilatifard,1,0
151014_NS500577_0096_AHLH53BGXX,TANGO-161,2015-10-14,Shilatifard,1,0
151014_NS500577_0096_AHLH53BGXX,TANGO-172,2015-10-14,Shilatifard,1,0
151020_NB501015_0022_AHLGKWBGXX,TANGO-146,2015-10-20,Shilatifard,0,0
151021_NB501015_0023_AHLHFVBGXX,TANGO-173,2015-10-21,Shilatifard,0,0
151022_NB501015_0024_AHJHHJBGXX,TANGO-137,2015-10-22,Shilatifard,0,0
151026_NB501015_0025_AHJGT2BGXX,TANGO-132,2015-10-26,Shilatifard,0,0
151027_NB501015_0026_AHJHJCBGXX,TANGO-159,2015-10-27,Shilatifard,1,0
151027_NB501015_0026_AHJHJCBGXX,TANGO-177,2015-10-27,Shilatifard,1,0
151028_NB501015_0027_AHJNNWBGXX,TANGO-133,2015-10-28,Shilatifard,0,0
151029_NB501015_0028_AHJHJHBGXX,TANGO-178,2015-10-29,Shilatifard,0,1
151029_NS500577_0097_AHJHJ5BGXX,TANGO-150,2015-10-29,Shilatifard,0,0
151102_NB501015_0029_AHJNCVBGXX,TANGO-179,2015-11-02,Shilatifard,0,0
151102_NS500577_0098_AHJT2GBGXX,TANGO-155,2015-11-02,Shilatifard,0,0
151103_NB501015_0030_AHJNMFBGXX,TANGO-168,2015-11-03,Shilatifard,0,0
151103_NS500577_0099_AHJT2FBGXX,TANGO-167,2015-11-03,Shilatifard,0,0
151104_NB501015_0031_AHJNNTBGXX_incomplete,"""""",2000-01-01,"""""",0,0
151104_NS500577_0100_AHJNMCBGXX,TANGO-169,2015-11-04,Shilatifard,0,0
151105_NB501015_0032_AHJT2HBGXX,TANGO-174,2015-11-05,Shilatifard,0,0
151105_NS500577_0101_AHJHF3BGXX,TANGO-170,2015-11-05,Shilatifard,0,0
151106_NS500577_0102_AHJNTNBGXX,TANGO-175,2015-11-06,Shilatifard,0,0
151110_NB501015_0033_AHNTY7BGXX,TANGO-193,2015-11-10,Shilatifard,0,0
151110_NS500577_0103_AHNNWKBGXX,TANGO-099,2015-11-10,Shilatifard,1,1
151110_NS500577_0103_AHNNWKBGXX,TANGO-178,2015-11-10,Shilatifard,1,1
151110_NS500577_0103_AHNNWKBGXX,TANGO-183,2015-11-10,Shilatifard,1,0
151111_NB501015_0034_AHNNJNBGXX,TANGO-184,2015-11-11,Shilatifard,0,0
151111_NS500577_0104_AHNT33BGXX,TANGO-180,2015-11-11,Shilatifard,0,0
151116_NS500577_0105_AHJGTWBGXX,TANGO-188,2015-11-16,Shilatifard,1,1
151116_NS500577_0105_AHJGTWBGXX,TANGO-189,2015-11-16,Shilatifard,1,1
151119_NS500505_0027_AHJHCHBGXX,TANGO-205,2015-11-19,Shilatifard,0,0
151120_NS500577_0106_AHHGJ3BGXX,TANGO-185,2015-11-20,Shilatifard,1,0
151120_NS500577_0106_AHHGJ3BGXX,TANGO-203,2015-11-20,Shilatifard,1,1
151123_NB501015_0035_AHJT2TBGXX,TANGO-188,2015-11-23,Shilatifard,1,1
151123_NB501015_0035_AHJT2TBGXX,TANGO-189,2015-11-23,Shilatifard,1,1
151123_NB501015_0035_AHJT2TBGXX,TANGO-209,2015-11-23,Shilatifard,1,1
151123_NS500577_0107_AHHGJ7BGXX,TANGO-181,2015-11-23,Shilatifard,0,0
151124_NB501015_0036_AHKNKTBGXX,TANGO-178,2015-11-24,Shilatifard,1,1
151124_NB501015_0036_AHKNKTBGXX,TANGO-202,2015-11-24,Shilatifard,1,0
151124_NB501015_0036_AHKNKTBGXX,TANGO-203,2015-11-24,Shilatifard,1,1
151124_NS500577_0108_AHKNKMBGXX,TANGO-199,2015-11-24,Shilatifard,1,0
151124_NS500577_0108_AHKNKMBGXX,TANGO-200,2015-11-24,Shilatifard,1,0
151124_NS500577_0108_AHKNKMBGXX,TANGO-209,2015-11-24,Shilatifard,1,1
151125_NB501015_0037_AHKLWYBGXX,TANGO-140,2015-11-25,Shilatifard,1,0
151125_NB501015_0037_AHKLWYBGXX,TANGO-213,2015-11-25,Shilatifard,1,0
151125_NS500577_0109_AHKM7YBGXX,TANGO-204,2015-11-25,Shilatifard,0,0
151130_NB501015_0038_AHKMK3BGXX,TANGO-196,2015-11-30,Shilatifard,1,0
151130_NB501015_0038_AHKMK3BGXX,TANGO-197,2015-11-30,Shilatifard,1,0
151130_NS500577_0110_AHKMGJBGXX,TANGO-201,2015-11-30,Shilatifard,0,0
151201_NB501015_0039_AHKM23BGXX,TANGO-195,2015-12-01,Shilatifard,0,0
151201_NS500577_0111_AHKMKLBGXX,TANGO-210,2015-12-01,Shilatifard,0,0
151202_NB501015_0040_AHNH35BGXX,Gottardi_1,2015-12-02,Misharin,0,0
151202_NS500577_0112_AHKMKYBGXX,TANGO-176,2015-12-02,Shilatifard,0,0
151203_NB501015_0041_AHKMGVBGXX,TANGO-182,2015-12-03,Shilatifard,1,0
151203_NB501015_0041_AHKMGVBGXX,TANGO-215,2015-12-03,Shilatifard,1,0
151203_NS500577_0113_AHKNKCBGXX,TANGO-217,2015-12-03,Shilatifard,1,0
151203_NS500577_0113_AHKNKCBGXX,TANGO-219,2015-12-03,Shilatifard,1,0
151204_NB501015_0042_AHKNKNBGXX,TANGO-211,2015-12-04,Shilatifard,0,0
151204_NS500577_0114_AHKLWVBGXX,TANGO-220,2015-12-04,Shilatifard,1,0
151204_NS500577_0114_AHKLWVBGXX,TANGO-221,2015-12-04,Shilatifard,1,0
151207_NB501015_0043_AHTJ27BGXX,TANGO-208,2015-12-07,Shilatifard,0,0
151207_NS500577_0115_AHTFLCBGXX,TANGO-190,2015-12-07,Shilatifard,0,0
151208_NB501015_0044_AHVCLLBGXX,"""""",2000-01-01,"""""",0,0
151208_NS500577_0116_AHTJ2VBGXX,TANGO-198,2015-12-08,Shilatifard,0,0
151210_NB501015_0045_AHTLVVBGXX,TANGO-228,2015-12-10,Shilatifard,1,0
151210_NB501015_0045_AHTLVVBGXX,TANGO-229,2015-12-10,Shilatifard,1,0
151210_NS500577_0117_AHTFLFBGXX,TANGO-218,2015-12-10,Shilatifard,0,0
151211_NB501015_0046_AHTGMLBGXX,TANGO-186,2015-12-11,Shilatifard,0,0
151211_NS500577_0118_AHTL75BGXX,TANGO-216,2015-12-11,Shilatifard,0,0
151214_NB501015_0047_AHTFLKBGXX,TANGO-214,2015-12-14,Shilatifard,0,0
151214_NS500577_0119_AHTLJVBGXX,TANGO-194,2015-12-14,Shilatifard,0,0
151216_NB501015_0048_AHTH53BGXX,TANGO-165,2015-12-16,Shilatifard,1,0
151216_NB501015_0048_AHTH53BGXX,TANGO-207,2015-12-16,Shilatifard,1,0
151216_NB501015_0048_AHTH53BGXX,TANGO-227,2015-12-16,Shilatifard,1,0
151216_NS500577_0120_AHTGWMBGXX,TANGO-212,2015-12-16,Shilatifard,0,0
151221_NB501015_0049_AHTFMJBGXX,TANGO-223,2015-12-21,Shilatifard,0,0
151221_NS500577_0121_AHTJ3LBGXX,TANGO-225,2015-12-21,Shilatifard,1,0
151221_NS500577_0121_AHTJ3LBGXX,TANGO-230,2015-12-21,Shilatifard,1,0
151222_NB501015_0050_AHTFLJBGXX,TANGO-231,2015-12-22,Shilatifard,0,0
151222_NS500577_0122_AHTFLVBGXX,TANGO-232,2015-12-22,Shilatifard,0,0
151223_NS500577_0123_AHTFMGBGXX,PLDI-001,2015-12-23,Panos,1,0
151223_NS500577_0123_AHTFMGBGXX,TANGO-233,2015-12-23,Shilatifard,1,0
160108_NB501015_0051_AHKMHVBGXX,TANGO-237,2016-01-08,Shilatifard,0,0
160108_NS500577_0124_AHTFLGBGXX,TANGO-234,2016-01-08,Shilatifard,0,0
160111_NB501015_0052_AHKNKKBGXX,TANGO-238,2016-01-11,Shilatifard,1,0
160111_NB501015_0052_AHKNKKBGXX,TANGO-241,2016-01-11,Shilatifard,1,1
160111_NS500577_0125_AHKMCMBGXX,TANGO-226,2016-01-11,Shilatifard,0,0
160112_NB501015_0053_AHTHTGBGXX,TANGO-242,2016-01-12,Shilatifard,0,0
160112_NS500577_0126_AHTJ7TBGXX,TANGO-241,2016-01-12,Shilatifard,0,1
160113_NS500577_0127_AHTLHGBGXX,TANGO-239,2016-01-13,Shilatifard,0,0
160115_NB501015_0054_AHTLWLBGXX,TANGO-247,2016-01-15,Shilatifard,0,0
160115_NS500577_0128_AHTLT3BGXX,PLDI-002,2016-01-15,Panos,0,0
160119_NB501015_0055_AHTFLHBGXX,TANGO-240,2016-01-19,Shilatifard,1,0
160119_NB501015_0055_AHTFLHBGXX,TANGO-245,2016-01-19,Shilatifard,1,0
160119_NS500577_0129_AHTHT2BGXX,TANGO-244,2016-01-19,Shilatifard,0,0
160121_NB501015_0056_AHKLYFBGXX,TANGO-248,2016-01-21,Shilatifard,0,0
160121_NS500577_0130_AHKNJGBGXX,TANGO-246,2016-01-21,Shilatifard,0,0
160201_NB501015_0057_AHTHLVBGXX,TANGO-253,2016-02-01,Shilatifard,1,1
160201_NB501015_0057_AHTHLVBGXX,TANGO-259,2016-02-01,Shilatifard,1,0
160201_NS500577_0131_AHTYCTBGXX,Misharin_1,2016-02-01,Misharin,0,0
160203_NB501015_0058_AHTFMTBGXX,TANGO-243,2016-02-03,Shilatifard,1,0
160203_NB501015_0058_AHTFMTBGXX,TANGO-261,2016-02-03,Shilatifard,1,0
160203_NS500577_0132_AHTLWGBGXX,TANGO-252,2016-02-03,Shilatifard,0,0
160204_NS500577_0133_AHTHTWBGXX,TANGO-250,2016-02-04,Shilatifard,0,0
160205_NB501015_0059_AHTLJYBGXX,TANGO-258,2016-02-05,Shilatifard,1,0
160205_NB501015_0059_AHTLJYBGXX,TANGO-269,2016-02-05,Shilatifard,1,0
160205_NS500577_0134_AHTFMKBGXX,TANGO-235,2016-02-05,Shilatifard,0,1
160208_NB501015_0060_AHKN23BGXX,TANGO-249,2016-02-08,Shilatifard,0,0
160208_NS500577_0135_AHKNKVBGXX,TANGO-236,2016-02-08,Shilatifard,0,0
160210_NB501015_0061_AHTNL7BGXX,TANGO-253,2016-02-10,Shilatifard,1,1
160210_NB501015_0061_AHTNL7BGXX,TANGO-260,2016-02-10,Shilatifard,1,0
160210_NB501015_0061_AHTNL7BGXX,TANGO-262,2016-02-10,Shilatifard,1,0
160210_NS500577_0136_AHV2TNBGXX,TANGO-254,2016-02-10,Shilatifard,0,0
160211_NB501015_0062_AHTTCMBGXX,TANGO-263,2016-02-11,Shilatifard,0,0
160211_NS500577_0137_AHV3G7BGXX,TANGO-251,2016-02-11,Shilatifard,0,0
160212_NB501015_0063_AHV77WBGXX,TANGO-265,2016-02-12,Shilatifard,1,0
160212_NB501015_0063_AHV77WBGXX,TANGO-271,2016-02-12,Shilatifard,1,0
160212_NS500577_0138_AHV2T5BGXX,TANGO-270,2016-02-12,Shilatifard,0,0
160215_NB501015_0064_AHV5VGBGXX,TANGO-274,2016-02-15,Shilatifard,0,0
160215_NS500577_0139_AHV7C3BGXX,TANGO-268,2016-02-15,Shilatifard,0,0
160216_NB501015_0065_AHV7CFBGXX,TANGO-279,2016-02-16,Shilatifard,0,0
160216_NS500577_0140_AHV52LBGXX,TANGO-278,2016-02-16,Shilatifard,0,0
160224_NB501015_0066_AHN7G5BGXX,TANGO-286,2016-02-24,Shilatifard,1,0
160224_NB501015_0066_AHN7G5BGXX,TANGO-287,2016-02-24,Shilatifard,1,0
160224_NS500577_0141_AHY7LNBGXX,TANGO-266,2016-02-24,Shilatifard,0,0
160225_NB501015_0067_AHYKGCBGXX,TANGO-255,2016-02-25,Shilatifard,0,0
160225_NS500577_0142_AHYVVNBGXX,TANGO-256,2016-02-25,Shilatifard,0,0
160226_NB501015_0068_AHYV5YBGXX,"""""",2000-01-01,"""""",0,0
160226_NS500577_0143_AHYVCFBGXX,TANGO-264,2015-02-26,Shilatifard,1,1
160226_NS500577_0143_AHYVCFBGXX,TANGO-284,2015-02-26,Shilatifard,1,0
160229_NS500577_0144_AHYW5FBGXX,TANGO-257,2016-02-29,Shilatifard,0,0
160301_NB501015_0069_AHYVKNBGXX,TANGO-267,2016-03-01,Shilatifard,0,0
160301_NS500577_0145_AHYV3KBGXX,TANGO-273,2016-03-01,Shilatifard,0,0
160302_NB501015_0070_AHYV53BGXX,TANGO-264,2016-03-02,Shilatifard,1,1
160302_NB501015_0070_AHYV53BGXX,TANGO-295,2016-03-02,Shilatifard,1,0
160302_NS500577_0146_AHYW3YBGXX,TANGO-292,2016-03-02,Shilatifard,1,0
160302_NS500577_0146_AHYW3YBGXX,TANGO-293,2016-03-02,Shilatifard,1,0
160303_NB501015_0071_AHYV27BGXX,TANGO-281,2016-03-03,Shilatifard,1,0
160303_NB501015_0071_AHYV27BGXX,TANGO-296,2016-03-03,Shilatifard,1,0
160303_NS500577_0147_AHYJVJBGXX,TANGO-282,2016-03-03,Shilatifard,0,0
160304_NB501015_0072_AHYK72BGXX,TANGO-235,2016-03-04,Shilatifard,1,1
160304_NB501015_0072_AHYK72BGXX,TANGO-272,2016-03-04,Shilatifard,1,0
160304_NS500577_0148_AHYVFVBGXX,TANGO-275,2016-03-04,Shilatifard,0,0
160307_NB501015_0073_AHYVV5BGXX,TANGO-277,2016-03-07,Shilatifard,0,0
160307_NS500577_0149_AHYJJTBGXX,TANGO-276,2016-03-07,Shilatifard,0,0
160308_NS500577_0150_AHYVFWBGXX,TANGO-280,2016-03-08,Shilatifard,0,0
160309_NS500577_0151_AHYFFMBGXX,Misharin_2,2016-03-09,Misharin,0,0
160310_NS500577_0152_AHTW3VBGXX,PLDI-003,2016-03-10,Panos,0,0
160311_NB501015_0074_AHYVG3BGXX,TANGO-291,2016-03-11,Shilatifard,1,1
160311_NB501015_0074_AHYVG3BGXX,TANGO-299,2016-03-11,Shilatifard,1,1
160311_NS500577_0153_AHYVL3BGXX,TANGO-298,2016-03-11,Shilatifard,0,0
160315_NB501015_0075_AHYV3TBGXX,TANGO-290,2016-03-15,Shilatifard,0,0
160316_NB501015_0076_AHYJKYBGXX,TANGO-301,2016-03-16,Shilatifard,0,0
160316_NS500577_0154_AHYWGLBGXX,TANGO-291,2016-03-16,Shilatifard,1,1
160316_NS500577_0154_AHYWGLBGXX,TANGO-299,2016-03-16,Shilatifard,1,1
160317_NB501015_0077_AH35YVBGXY,TANGO-288,2016-03-17,Shilatifard,0,0
160317_NS500577_0155_AH35VKBGXY,TANGO-289,2016-03-17,Shilatifard,0,0
160321_NB501015_0078_AH35GCBGXY,TANGO-285,2016-03-21,Shilatifard,1,0
160321_NB501015_0078_AH35GCBGXY,TANGO-303,2016-03-21,Shilatifard,1,0
160321_NS500577_0156_AH35VNBGXY,TANGO-297,2016-03-21,Shilatifard,0,0
160322_NB501015_0079_AH35KLBGXY,TANGO-300,2016-03-22,Shilatifard,0,0
160322_NS500577_0157_AH35LLBGXY,TANGO-302,2016-03-22,Shilatifard,0,0
160323_NS500577_0158_AHTWG2BGXX,PLDI-004,2016-03-23,Panos,0,0
160324_NB501015_0081_AH35YWBGXY,TANGO-316,2016-03-24,Shilatifard,1,0
160324_NB501015_0081_AH35YWBGXY,TANGO-317,2016-03-24,Shilatifard,1,0
160324_NB501015_0081_AH35YWBGXY,TANGO-318,2016-03-24,Shilatifard,1,0
160324_NS500577_0159_AH3WGJBGXY,TANGO-313,2016-03-24,Shilatifard,1,0
160324_NS500577_0159_AH3WGJBGXY,TANGO-314,2016-03-24,Shilatifard,1,0
160328_NB501015_0082_AH35NJBGXY,TANGO-308,2016-03-28,Shilatifard,0,0
160328_NS500577_0160_AH35KHBGXY,TANGO-315,2016-03-28,Shilatifard,0,0
160329_NB501015_0083_AH35TGBGXY,TANGO-309,2016-03-29,Shilatifard,0,0
160329_NS500577_0161_AH37NVBGXY,TANGO-310,2016-03-29,Shilatifard,0,0
160331_NB501015_0084_AH35YKBGXY,TANGO-304,2016-03-31,Shilatifard,0,0
160331_NS500577_0162_AH35KVBGXY,TANGO-320,2016-03-31,Shilatifard,0,0
160401_NS500577_0163_AHW7HFBGXX,TANGO-322,2016-04-01,Shilatifard,0,0
160403_NB501015_0085_AH35GKBGXY,TANGO-307,2016-04-03,Shilatifard,1,0
160403_NB501015_0085_AH35GKBGXY,TANGO-324,2016-04-03,Shilatifard,1,0
160403_NS500577_0164_AH35NYBGXY,TANGO-305,2016-04-03,Shilatifard,1,0
160403_NS500577_0164_AH35NYBGXY,TANGO-312,2016-04-03,Shilatifard,1,0
160404_NB501015_0086_AH35FNBGXY,TANGO-306,2016-04-04,Shilatifard,0,0
160404_NS500577_0165_AH5C3FBGXY,TANGO-326,2016-04-04,Shilatifard,0,0
160405_NB501015_0087_AHWKLHBGXX,"""""",2000-01-01,"""""",0,0
160405_NS500577_0166_AH3733BGXY,TANGO-311,2016-04-05,Shilatifard,0,0
160408_NS500577_0167_AH3C2YBGXY,TANGO-338,2016-04-08,Shilatifard,1,0
160408_NS500577_0167_AH3C2YBGXY,TANGO-339,2016-04-08,Shilatifard,1,0
160418_NB501015_0088_AH5HLCBGXY,TANGO-319,2016-04-18,Shilatifard,1,0
160418_NB501015_0088_AH5HLCBGXY,TANGO-327,2016-04-18,Shilatifard,1,0
160418_NS500577_0168_AH37TKBGXY,TANGO-344,2016-04-18,Shilatifard,0,0
160419_NB501015_0089_AH5HJWBGXY,TANGO-323,2016-04-19,Shilatifard,0,0
160419_NS500577_0169_AH5LH3BGXY,TANGO-328,2016-04-19,Shilatifard,0,0
160420_NB501015_0090_AH5L3HBGXY,TANGO-329,2016-04-20,Shilatifard,0,0
160420_NS500577_0170_AH5LKNBGXY,TANGO-354,2016-04-20,Shilatifard,0,0
160421_NB501015_0091_AHV5VYBGXX,PLDI-005,2016-04-21,Panos,0,0
160421_NS500577_0171_AH5GVKBGXY,TANGO-334,2016-04-21,Shilatifard,0,0
160422_NB501015_0092_AH5H5VBGXY,TANGO-335,2016-04-22,Shilatifard,1,0
160422_NB501015_0092_AH5H5VBGXY,TANGO-348,2016-04-22,Shilatifard,1,0
160422_NS500577_0172_AH5LGWBGXY,TANGO-347,2016-04-22,Shilatifard,0,0
160425_NB501015_0093_AH5LHHBGXY,TANGO-332,2016-04-25,Shilatifard,1,0
160425_NB501015_0093_AH5LHHBGXY,TANGO-337,2016-04-25,Shilatifard,1,0
160425_NS500577_0173_AH5LKVBGXY,TANGO-331,2016-04-25,Shilatifard,1,0
160425_NS500577_0173_AH5LKVBGXY,TANGO-333,2016-04-25,Shilatifard,1,0
160425_NS500577_0173_AH5LKVBGXY,TANGO-336,2016-04-25,Shilatifard,1,0
160426_NB501015_0094_AH5HJ2BGXY,TANGO-321,2016-04-26,Shilatifard,0,0
160426_NS500577_0174_AH5KTGBGXY,TANGO-356,2016-04-26,Shilatifard,1,0
160426_NS500577_0174_AH5KTGBGXY,TANGO-358,2016-04-26,Shilatifard,1,0
160427_NB501015_0095_AH5HKVBGXY,TANGO-330,2016-04-27,Shilatifard,0,0
160427_NS500577_0175_AH5HGMBGXY,TANGO-341,2016-04-27,Shilatifard,1,0
160427_NS500577_0175_AH5HGMBGXY,TANGO-357,2016-04-27,Shilatifard,1,0
160428_NS500577_0176_AHV32JBGXX,PLDI-006,2016-04-28,Panos,0,0
160429_NB501015_0096_AH5HGLBGXY,TANGO-359,2016-04-29,Shilatifard,0,0
160429_NS500577_0177_AH5HHGBGXY,TANGO-362,2016-04-29,Shilatifard,0,0
160503_NS500577_0178_AH5KTTBGXY,TANGO-367,2016-05-03,Shilatifard,0,0
160504_NB501015_0097_AH5KYNBGXY,TANGO-349,2016-05-04,Shilatifard,1,0
160504_NB501015_0097_AH5KYNBGXY,TANGO-366,2016-05-04,Shilatifard,1,0
160505_NS500577_0179_AHV5VVBGXX,PLDI-007,2016-05-05,Panos,0,0
160506_NB501015_0098_AHCF2MAFXX,TANGO-390,2016-05-06,Behdad,0,0
160506_NS500577_0180_AH5LYKBGXY,TANGO-342,2016-05-06,Shilatifard,0,0
160509_NB501015_0099_AH72YTBGXY,TANGO-206,2016-05-09,Shilatifard,1,0
160509_NB501015_0099_AH72YTBGXY,TANGO-368,2016-05-09,Shilatifard,1,0
160509_NS500577_0181_AH5KYVBGXY,TANGO-343,2016-05-09,Shilatifard,0,0
160510_NB501015_0100_AH3KMKBGXY,TANGO-340,2016-05-10,Shilatifard,0,0
160510_NS500577_0182_AH72TLBGXY,TANGO-371,2016-05-10,Shilatifard,0,0
160511_NB501015_0101_AH72H7BGXY,TANGO-361,2016-05-11,Shilatifard,0,0
160511_NS500577_0183_AHV2LVBGXX,PLDI-008,2016-05-11,Panos,0,0
160512_NB501015_0102_AH3JCCBGXY,TANGO-345,2016-05-12,Shilatifard,0,0
160512_NS500577_0184_AH3KMMBGXY,TANGO-346,2016-05-12,Shilatifard,1,0
160512_NS500577_0184_AH3KMMBGXY,TANGO-350,2016-05-12,Shilatifard,1,0
160513_NB501015_0103_AH3HKNBGXY,TANGO-376,2016-05-13,Shilatifard,0,0
160513_NS500577_0185_AH3KLHBGXY,TANGO-377,2016-05-13,Shilatifard,0,0
160516_NB501015_0104_AH3KGCBGXY,TANGO-364,2016-05-16,Shilatifard,0,0
160516_NS500577_0186_AH72THBGXY,TANGO-365,2016-05-16,Shilatifard,0,0
160517_NB501015_0105_AH3KT3BGXY,TANGO-351,2016-05-17,Shilatifard,0,0
160517_NS500577_0187_AH72KKBGXY,TANGO-360,2016-05-17,Shilatifard,0,0
160518_NB501015_0106_AH3H2JBGXY,TANGO-352,2016-05-18,Shilatifard,0,0
160518_NS500577_0188_AH3L37BGXY,TANGO-363,2016-05-18,Shilatifard,0,0
160519_NB501015_0107_AH3JYKBGXY,TANGO-382,2016-05-19,Shilatifard,0,1
160519_NS500577_0189_AH3KGWBGXY,TANGO-353,2016-05-19,Shilatifard,0,0
160520_NB501015_0108_AH3HFYBGXY,TANGO-369,2016-05-20,Shilatifard,1,0
160520_NB501015_0108_AH3HFYBGXY,TANGO-382,2016-05-20,Shilatifard,1,1
160520_NS500577_0190_AH3JT3BGXY,TANGO-355,2016-05-20,Shilatifard,1,0
160520_NS500577_0190_AH3JT3BGXY,TANGO-385,2016-05-20,Shilatifard,1,0
160523_NB501015_0109_AH3L7WBGXY,TANGO-373,2016-05-23,Shilatifard,1,0
160523_NB501015_0109_AH3L7WBGXY,TANGO-374,2016-05-23,Shilatifard,1,0
160523_NS500577_0191_AH3JFHBGXY,TANGO-379,2016-05-23,Shilatifard,0,0
160524_NB501015_0110_AH3GWNBGXY,TANGO-380,2016-05-24,Shilatifard,0,0
160524_NS500577_0192_AH3JLTBGXY,TANGO-381,2016-05-24,Shilatifard,0,0
160525_NB501015_0111_AH3KWKBGXY,TANGO-375,2016-05-25,Shilatifard,1,0
160525_NB501015_0111_AH3KWKBGXY,TANGO-389,2016-05-25,Shilatifard,1,0
160526_NB501015_0112_AH3HG7BGXY,TANGO-325,2016-05-26,Shilatifard,0,0
160527_NB501015_0113_AH72TJBGXY,TANGO-395,2016-05-27,Shilatifard,0,0
160527_NS500577_0193_AH3GJGBGXY,TANGO-396,2016-05-27,Shilatifard,0,0
160531_NB501015_0114_AH3KH3BGXY,TANGO-370,2016-05-31,Shilatifard,0,0
160531_NS500577_0194_AH3JT2BGXY,TANGO-372,2016-05-31,Shilatifard,1,0
160531_NS500577_0194_AH3JT2BGXY,TANGO-394,2016-05-31,Shilatifard,1,0
160606_NB501015_0115_AH3GV5BGXY,TANGO-391,2016-06-06,Shilatifard,1,0
160606_NB501015_0115_AH3GV5BGXY,TANGO-397,2016-06-06,Shilatifard,1,0
160609_NS500577_0195_AH3LCNBGXY,TANGO-383,2016-06-09,Shilatifard,1,0
160609_NS500577_0195_AH3LCNBGXY,TANGO-387,2016-06-09,Shilatifard,1,0
160614_NB501015_0116_AH3JNFBGXY,TANGO-400,2016-06-14,Shilatifard,0,0
160614_NS500577_0196_AH3JYWBGXY,TANGO-401,2016-06-14,Shilatifard,0,0
160615_NB501015_0117_AH3L7MBGXY,TANGO-398,2016-06-15,Shilatifard,0,0
160615_NS500577_0197_AH3HFFBGXY,TANGO-404,2016-06-15,Shilatifard,0,0
160618_NB501015_0118_AH3L5KBGXY,TANGO-409,2016-06-18,Shilatifard,0,0
160618_NS500577_0198_AH3GJFBGXY,TANGO-413,2016-06-18,Shilatifard,0,0
160619_NB501015_0119_AH3JVWBGXY,TANGO-406,2016-06-19,Shilatifard,1,0
160619_NB501015_0119_AH3JVWBGXY,TANGO-410,2016-06-19,Shilatifard,1,0
160619_NS500577_0199_AH3L7YBGXY,TANGO-411,2016-06-19,Shilatifard,0,0
160620_NB501015_0120_AH3L5HBGXY,TANGO-408,2016-06-20,Shilatifard,0,0
160620_NS500577_0200_AH3GJ7BGXY,TANGO-412,2016-06-20,Shilatifard,0,0
160624_NB501015_0121_AH3L3HBGXY,TANGO-405,2016-06-24,Shilatifard,0,0
160624_NS500577_0201_AH3L2YBGXY,TANGO-418,2016-06-24,Shilatifard,1,0
160624_NS500577_0201_AH3L2YBGXY,TANGO-420,2016-06-24,Shilatifard,1,0
160628_NB501015_0122_AH72HCBGXY,TANGO-386,2016-06-28,Shilatifard,0,0
160628_NS500577_0202_AH3JT5BGXY,TANGO-399,2016-06-28,Shilatifard,0,0
160629_NB501015_0123_AH3L2VBGXY,TANGO-422,2016-06-29,Shilatifard,0,0
160629_NS500577_0203_AH3L32BGXY,TANGO-427,2016-06-29,Shilatifard,0,1
160630_NB501015_0124_AH72HFBGXY,TANGO-403,2016-06-30,Shilatifard,1,0
160630_NB501015_0124_AH72HFBGXY,TANGO-421,2016-06-30,Shilatifard,1,0
160630_NS500577_0204_AH3HGVBGXY,TANGO-423,2016-06-30,Shilatifard,0,0
160701_NB501015_0125_AHFN5TBGXY,TANGO-384,2016-07-01,Shilatifard,0,0
160701_NS500577_0205_AHFH7NBGXY,TANGO-429,2016-07-01,Shilatifard,0,0
160705_NB501015_0126_AHFNWNBGXY,TANGO-392,2016-07-05,Shilatifard,0,0
160705_NS500577_0206_AHGVKLBGXY,TANGO-428,2016-07-05,Shilatifard,0,0
160706_NB501015_0127_AHFNV2BGXY,TANGO-402,2016-07-06,Shilatifard,0,0
160706_NS500577_0207_AHGVLGBGXY,TANGO-407,2016-07-06,Shilatifard,1,0
160706_NS500577_0207_AHGVLGBGXY,TANGO-417,2016-07-06,Shilatifard,1,0
160707_NB501015_0128_AHGVKTBGXY,TANGO-416,2016-07-07,Shilatifard,0,0
160707_NS500577_0208_AHFNWJBGXY,TANGO-426,2016-07-07,Shilatifard,0,0
160708_NB501015_0129_AHFTKTBGXY,TANGO-414,2016-07-08,Shilatifard,0,0
160711_NB501015_0130_AHF7GJBGXY,TANGO-430,2016-07-11,Shilatifard,0,0
160711_NS500577_0209_AHV2LMBGXX,PLDI-009,2016-07-11,Panos,0,0
160712_NB501015_0131_AHGVHTBGXY,TANGO-424,2016-07-12,Shilatifard,0,0
160712_NS500577_0210_AHFCFNBGXY,TANGO-433,2016-07-12,Shilatifard,0,0
160714_NB501015_0132_AHFNGFBGXY,TANGO-415,2016-07-14,Shilatifard,0,0
160714_NS500577_0211_AHFNTNBGXY,TANGO-419,2016-07-14,Shilatifard,1,0
160714_NS500577_0211_AHFNTNBGXY,TANGO-427,2016-07-14,Shilatifard,1,1
160715_NB501015_0133_AHGV22BGXY,TANGO-425,2016-07-15,Shilatifard,0,0
160715_NS500577_0212_AHFNTLBGXY,TANGO-432,2016-07-15,Shilatifard,0,0
160718_NB501015_0134_AHGVFNBGXY,TANGO-431,2016-07-18,Shilatifard,0,0
160718_NS500577_0213_AHGVC5BGXY,TANGO-435,2016-07-18,Shilatifard,0,0
160719_NB501015_0135_AHV35HBGXX,PLDI-010,2016-07-19,Panos,0,0
160719_NS500577_0214_AHV3CVBGXX,PLDI-011,2016-07-19,Panos,0,0
160720_NB501015_0136_AHTVC7BGXX,PLDI-012,2016-07-20,Panos,0,0
160720_NS500577_0215_AHCGTHBGXY,PLDI-013,2016-07-20,Panos,0,0
160721_NB501015_0137_AHGWFYBGXY,TANGO-442,2016-07-21,Shilatifard,0,0
160721_NS500577_0216_AH7YCWBGXY,TANGO-443,2016-07-21,Shilatifard,0,0
160725_NB501015_0138_AHFNJVBGXY,TANGO-439,2016-07-26,Shilatifard,1,0
160725_NB501015_0138_AHFNJVBGXY,TANGO-448,2016-07-26,Shilatifard,1,0
160725_NS500577_0217_AHFN7GBGXY,TANGO-447,2016-07-25,Shilatifard,0,0
160726_NB501015_0139_AHGVMNBGXY,TANGO-445,2016-07-26,Shilatifard,0,0
160726_NS500577_0218_AHFNW2BGXY,TANGO-446,2016-07-25,Shilatifard,0,0
160727_NB501015_0140_AH7WGGBGXY,TANGO-438,2016-07-27,Shilatifard,0,0
160727_NS500577_0219_AHF5VKBGXY,TANGO-458,2016-07-28,Shilatifard,0,0
160728_NB501015_0141_AHFC5LBGXY,TANGO-460,2016-07-28,Shilatifard,0,0
160729_NB501015_0142_AHC7HFBGXY,TANGO-440,2016-07-29,Shilatifard,0,0
160729_NS500577_0220_AHC75HBGXY,TANGO-441,2016-07-29,Shilatifard,0,0
160801_NB501015_0143_AH3JYFBGXY,TANGO-436,2016-08-01,Shilatifard,0,0
160801_NS500577_0221_AH3JTTBGXY,TANGO-452,2016-08-01,Shilatifard,0,0
160802_NB501015_0144_AHWKTGBGXX,TANGO-444,2016-08-02,Shilatifard,0,0
160802_NS500577_0222_AHFNW5BGXY,TANGO-457,2016-08-02,Shilatifard,0,0
160803_NB501015_0145_AHFNYTBGXY,TANGO-451,2016-08-03,Shilatifard,0,0
160803_NS500577_0223_AHFNKHBGXY,TANGO-454,2016-08-03,Shilatifard,0,0
160804_NB501015_0146_AHFCCTBGXY,TANGO-453,2016-08-04,Shilatifard,0,0
160804_NS500577_0224_AHFNVGBGXY,TANGO-455,2016-08-04,Shilatifard,0,0
160808_NB501015_0147_AHF3FTBGXY,TANGO-449,2016-08-08,Shilatifard,1,0
160808_NB501015_0147_AHF3FTBGXY,TANGO-450,2016-08-08,Shilatifard,1,0
160808_NS500577_0225_AH7TMCBGXY,TANGO-459,2016-08-08,Shilatifard,0,0
160809_NB501015_0148_AHFJL2BGXY,TANGO-456,2016-08-09,Shilatifard,0,0
160810_NB501015_0149_AHC3NLBGXY,TANGO-473,2016-08-10,Shilatifard,0,0
160810_NS500577_0226_AHF5TLBGXY,TANGO-464,2016-08-10,Shilatifard,1,0
160810_NS500577_0226_AHF5TLBGXY,TANGO-469,2016-08-10,Shilatifard,1,0
160811_NB501015_0150_AHFTNTBGXY,TANGO-463,2016-08-11,Shilatifard,1,0
160811_NB501015_0150_AHFTNTBGXY,TANGO-476,2016-08-11,Shilatifard,1,0
160811_NS500577_0227_AHFTL2BGXY,TANGO-468,2016-08-11,Shilatifard,0,0
160812_NB501015_0151_AHC3JCBGXY,TANGO-472,2016-08-12,Shilatifard,0,0
160812_NS500577_0228_AHF5YHBGXY,TANGO-475,2016-08-12,Shilatifard,0,0
160817_NB501015_0152_AHC5THBGXY,TANGO-477,2016-08-17,Shilatifard,1,0
160817_NB501015_0152_AHC5THBGXY,TANGO-486,2016-08-17,Shilatifard,1,0
160817_NB501015_0152_AHC5THBGXY,TANGO-487,2016-08-17,Shilatifard,1,0
160817_NS500577_0229_AH7V2YBGXY,TANGO-480,2016-08-17,Shilatifard,0,0
160818_NB501015_0153_AH7TMFBGXY,TANGO-474,2016-08-18,Shilatifard,0,0
160818_NS500577_0230_AHFJKYBGXY,TANGO-479,2016-08-18,Shilatifard,0,0
160819_NB501015_0154_AH7V3HBGXY,TANGO-461,2016-08-19,Shilatifard,0,0
160819_NS500577_0231_AH7TMGBGXY,TANGO-470,2016-08-19,Shilatifard,0,0
160822_NB501015_0155_AHF52HBGXY,TANGO-462,2016-08-22,Shilatifard,0,0
160822_NS500577_0232_AHC75FBGXY,TANGO-466,2016-08-22,Shilatifard,0,0
160824_NB501015_0156_AHF5WNBGXY,TANGO-484,2016-08-24,Shilatifard,0,0
160824_NS500577_0233_AHCYGNBGXY,TANGO-490,2016-08-24,Shilatifard,0,0
160825_NB501015_0157_AH7TLWBGXY,TANGO-471,2016-08-25,Shilatifard,1,0
160825_NB501015_0157_AH7TLWBGXY,TANGO-478,2016-08-25,Shilatifard,1,0
160825_NS500577_0234_AH7V2MBGXY,TANGO-481,2016-08-25,Shilatifard,0,0
160826_NB501015_0158_AH7VCFBGXY,TANGO-483,2016-08-26,Shilatifard,0,0
160826_NS500577_0235_AHC7CNBGXY,TANGO-488,2016-08-26,Shilatifard,0,0
160829_NB501015_0159_AH7V7WBGXY,TANGO-467,2016-08-29,Shilatifard,1,0
160829_NB501015_0159_AH7V7WBGXY,TANGO-482,2016-08-29,Shilatifard,1,0
160829_NS500577_0236_AHF5WTBGXY,TANGO-489,2016-08-29,Shilatifard,0,0
160830_NB501015_0160_AHC3HLBGXY,TANGO-485,2016-08-30,Shilatifard,0,0
160830_NS500577_0237_AHFC5NBGXY,TANGO-495,2016-08-30,Shilatifard,0,0
160831_NB501015_0161_AHC3GJBGXY,TANGO-491,2016-08-31,Shilatifard,0,0
160831_NS500577_0238_AHF5YGBGXY,TANGO-492,2016-08-31,Shilatifard,0,0
160902_NB501015_0162_AHFFGWBGXY,TANGO-493,2016-09-02,Shilatifard,0,0
160902_NS500577_0239_AHFFGTBGXY,TANGO-496,2016-09-02,Shilatifard,0,0
160906_NB501015_0163_AHFJFGBGXY,TANGO-494,2016-09-06,Shilatifard,1,0
160906_NB501015_0163_AHFJFGBGXY,TANGO-500,2016-09-06,Shilatifard,1,0
160906_NS500577_0240_AH7V2VBGXY,TANGO-502,2016-09-06,Shilatifard,1,0
160906_NS500577_0240_AH7V2VBGXY,TANGO-503,2016-09-06,Shilatifard,1,0
160907_NB501015_0164_AHF53JBGXY,TANGO-497,2016-09-07,Shilatifard,0,0
160907_NS500577_0241_AHFGF5BGXY,TANGO-499,2016-09-07,Shilatifard,0,0
160908_NB501015_0165_AHL23KBGXY,PLDI-014,2016-09-08,Panos,0,0
160909_NB501015_0166_AHC7H7BGXY,TANGO-498,2016-09-09,Shilatifard,0,0
160909_NS500577_0242_AHF7KHBGXY,TANGO-501,2016-09-09,Shilatifard,0,0
160913_NB501015_0167_AHCYFWBGXY,TANGO-504,2016-09-13,Shilatifard,1,0
160913_NB501015_0167_AHCYFWBGXY,TANGO-506,2016-09-13,Shilatifard,1,0
160913_NS500577_0243_AHCYFVBGXY,TANGO-505,2016-09-13,Shilatifard,0,0
160914_NB501015_0168_AHFJLVBGXY,TANGO-513,2016-09-14,Shilatifard,0,0
160914_NS500577_0244_AHF5MGBGXY,TANGO-514,2016-09-14,Shilatifard,0,0
160915_NS500577_0245_AHF3KNBGXY,TANGO-507,2016-09-15,Shilatifard,0,0
160916_NB501015_0169_AHFF55BGXY,TANGO-509,2016-09-16,Shilatifard,0,0
160916_NS500577_0246_AHC7K5BGXY,TANGO-516,2016-09-16,Shilatifard,0,1
160919_NS500577_0247_AHCH2JBGXY,PLDI-015,2016-09-19,Panos,0,0
160920_NB501015_0170_AH7TNLBGXY,TANGO-508,2016-09-20,Shilatifard,1,0
160920_NB501015_0170_AH7TNLBGXY,TANGO-516,2016-09-20,Shilatifard,1,1
160920_NS500577_0248_AHC7GJBGXY,TANGO-518,2016-09-20,Shilatifard,1,0
160920_NS500577_0248_AHC7GJBGXY,TANGO-519,2016-09-20,Shilatifard,1,0
160921_NB501015_0171_AHJCHTBGXY,TANGO-510,2016-09-21,Shilatifard,0,0
160921_NS500577_0249_AHC72CBGXY,TANGO-511,2016-09-21,Shilatifard,0,0
160926_NB501015_0172_AHJLWYBGXY,TANGO-512,2016-09-26,Shilatifard,0,0
160926_NS500577_0250_AHJCJ3BGXY,TANGO-515,2016-09-26,Shilatifard,0,0
160928_NB501015_0173_AHJN5LBGXY,TANGO-517,2016-09-28,Shilatifard,0,0
161003_NB501015_0174_AHJH5TBGXY,TANGO-520,2016-10-03,Shilatifard,1,0
161003_NB501015_0174_AHJH5TBGXY,TANGO-524,2016-10-03,Shilatifard,1,0
161004_NB501015_0175_AHJGVCBGXY,TANGO-523,2016-10-04,Shilatifard,0,0
161006_NB501015_0176_AHVKVFBGXY,TANGO-532,2016-10-06,Shilatifard,1,0
161006_NB501015_0176_AHVKVFBGXY,TANGO-533,2016-10-06,Shilatifard,1,0
161007_NB501015_0177_AHJKJMBGXY,TANGO-521,2016-10-07,Shilatifard,1,0
161007_NB501015_0177_AHJKJMBGXY,TANGO-528,2016-10-07,Shilatifard,1,0
161007_NB501015_0177_AHJKJMBGXY,TANGO-534,2016-10-07,Shilatifard,1,0
161008_NB501015_0178_AHJJ22BGXY,TANGO-522,2016-10-08,Shilatifard,1,0
161008_NB501015_0178_AHJJ22BGXY,TANGO-530,2016-10-08,Shilatifard,1,0
161010_NB501015_0179_AH7V7VBGXY,TANGO-527,2016-10-10,Shilatifard,1,0
161010_NB501015_0179_AH7V7VBGXY,TANGO-531,2016-10-10,Shilatifard,1,0
161011_NB501015_0180_AHJK2MBGXY,TANGO-525,2016-10-11,Shilatifard,0,0
161012_NS500577_0251_AHVN3YBGXY,TANGO-526,2016-10-12,Shilatifard,0,0
161014_NB501015_0181_AHJK2WBGXY,TANGO-535,2016-10-14,Shilatifard,0,0
161014_NS500577_0252_AHJCHNBGXY,TANGO-543,2016-10-14,Shilatifard,0,0
161017_NB501015_0182_AHCVY2BGXY,PLDI-016,2016-10-17,Panos,0,0
161017_NS500577_0253_AHCGTKBGXY,PLDI-017,2016-10-17,Panos,0,0
161018_NB501015_0183_AHJ7VHBGXY,TANGO-536,2016-10-18,Shilatifard,1,0
161018_NB501015_0183_AHJ7VHBGXY,TANGO-537,2016-10-18,Shilatifard,1,0
161018_NS500577_0254_AHJNT2BGXY,TANGO-549,2016-10-18,Shilatifard,0,0
161020_NB501015_0184_AHJN5JBGXY,TANGO-540,2016-10-20,Shilatifard,0,0
161020_NS500577_0255_AHJ5Y3BGXY,TANGO-541,2016-10-20,Shilatifard,0,0
161021_NB501015_0185_AHJGMMBGXY,TANGO-538,2016-10-21,Shilatifard,0,0
161021_NS500577_0256_AHJJ27BGXY,TANGO-539,2016-10-21,Shilatifard,1,0
161021_NS500577_0256_AHJJ27BGXY,TANGO-544,2016-10-21,Shilatifard,1,0
161024_NB501015_0186_AHJK2HBGXY,TANGO-434,2016-10-24,Shilatifard,0,0
161024_NS500577_0257_AHJ73JBGXY,TANGO-552,2016-10-24,Shilatifard,0,0
161025_NB501015_0187_AHJK2VBGXY,TANGO-542,2016-10-25,Shilatifard,0,0
161025_NS500577_0258_AHLF7GBGXY,TANGO-553,2016-10-25,Shilatifard,0,0
161027_NB501015_0188_AHJ5WNBGXY,TANGO-546,2016-10-27,Shilatifard,0,0
161027_NS500577_0259_AHJK2LBGXY,TANGO-548,2016-10-27,Shilatifard,0,0
161028_NB501015_0189_AHJGJTBGXY,TANGO-529,2016-10-28,Shilatifard,0,0
161028_NS500577_0260_AHJGJJBGXY,TANGO-545,2016-10-28,Shilatifard,1,0
161028_NS500577_0260_AHJGJJBGXY,TANGO-547,2016-10-28,Shilatifard,1,0
161031_NB501015_0190_AHJKL2BGXY,TANGO-551,2016-10-31,Shilatifard,0,0
161031_NS500577_0261_AHJ5YJBGXY,TANGO-554,2016-10-31,Shilatifard,1,0
161031_NS500577_0261_AHJ5YJBGXY,TANGO-556,2016-10-31,Shilatifard,1,0
161101_NB501015_0191_AHJKL5BGXY,TANGO-555,2016-11-01,Shilatifard,0,0
161101_NS500577_0262_AHJ5Y7BGXY,TANGO-557,2016-11-01,Shilatifard,0,0
161102_NB501015_0192_AHLF2YBGXY,TANGO-550,2016-11-02,Shilatifard,0,0
161102_NS500577_0263_AHLF32BGXY,TANGO-562,2016-11-02,Shilatifard,0,0
161103_NB501015_0193_AHKWNMBGXY,PLDI-018,2016-11-03,Panos,0,0
161103_NS500577_0264_AHL2TLBGXY,PLDI-019,2016-11-03,Panos,0,0
161107_NB501015_0194_AHLC73BGXY,TANGO_541,2016-11-07,Shilatifard,0,0
161107_NS500577_0265_AHJ5Y2BGXY,TANGO-561,2016-11-07,Shilatifard,1,0
161107_NS500577_0265_AHJ5Y2BGXY,TANGO-565,2016-11-07,Shilatifard,1,0
161108_NB501015_0195_AHJHTYBGXY,TANGO-558,2016-11-08,Shilatifard,0,0
161108_NS500577_0266_AHJM3VBGXY,TANGO-566,2016-11-08,Shilatifard,1,0
161108_NS500577_0266_AHJM3VBGXY,TANGO-567,2016-11-08,Shilatifard,1,0
161109_NB501015_0196_AHJ77GBGXY,TANGO-568,2016-11-09,Shilatifard,0,1
161111_NB501015_0197_AHJ7CHBGXY,TANGO-559,2016-11-11,Shilatifard,1,0
161111_NB501015_0197_AHJ7CHBGXY,TANGO-563,2016-11-11,Shilatifard,1,0
161111_NS500577_0267_AHLC5YBGXY,TANGO-560,2016-11-11,Shilatifard,0,0
161116_NB501015_0198_AHJJV2BGXY,TANGO-579,2016-11-16,Shilatifard,0,1
161118_NB501015_0199_AHLCF3BGXY,TANGO-572,2016-11-18,Shilatifard,0,1
161118_NS500577_0268_AHJLYNBGXY,TANGO-574,2016-11-18,Shilatifard,1,0
161118_NS500577_0268_AHJLYNBGXY,TANGO-575,2016-11-18,Shilatifard,1,0
161119_NB501015_0200_AHLC75BGXY,TANGO-572,2016-11-20,Shilatifard,0,1
161119_NS500577_0269_AHJM22BGXY,TANGO-579,2016-11-20,Shilatifard,1,1
161119_NS500577_0269_AHJM22BGXY,TANGO-580,2016-11-20,Shilatifard,1,0
161121_NB501015_0201_AHJKKVBGXY,TANGO-573,2016-11-21,Shilatifard,0,0
161121_NS500577_0270_AHJGWGBGXY,TANGO-576,2016-11-21,Shilatifard,0,0
161122_NB501015_0202_AHLF3GBGXY,TANGO-577,2016-11-22,Shilatifard,0,0
161128_NB501015_0203_AHJ772BGXY,TANGO-564,2016-11-28,Shilatifard,1,0
161128_NB501015_0203_AHJ772BGXY,TANGO-571,2016-11-28,Shilatifard,1,0
161128_NS500577_0271_AHLCHLBGXY,TANGO-568,2016-11-28,Shilatifard,1,1
161128_NS500577_0271_AHLCHLBGXY,TANGO-581,2016-11-28,Shilatifard,1,0
161129_NB501015_0204_AHWVYTBGXY,TANGO-569,2016-11-29,Shilatifard,0,0
161129_NS500577_0272_AHWVWKBGXY,TANGO-570,2016-11-29,Shilatifard,0,0
161130_NB501015_0205_AHWWTGBGXY,TANGO-578,2016-11-30,Shilatifard,0,0
161130_NS500577_0273_AHWTGYBGXY,TANGO-582,2016-11-30,Shilatifard,0,0
161205_NB501015_0206_AHWT2FBGXY,TANGO-583,2016-12-05,Shilatifard,0,0
161205_NS500577_0274_AHWW3JBGXY,TANGO-585,2016-12-05,Shilatifard,0,0
161207_NB501015_0207_AH2TG2BGX2,TANGO-584,2016-12-07,Shilatifard,1,0
161207_NB501015_0207_AH2TG2BGX2,TANGO-587,2016-12-07,Shilatifard,1,1
161207_NB501015_0207_AH2TG2BGX2,TANGO-592,2016-12-07,Shilatifard,1,0
161207_NS500577_0275_AHWVWNBGXY,TANGO-587,2016-12-07,Shilatifard,0,1
161208_NB501015_0208_AHWY7KBGXY,TANGO-591,2016-12-08,Shilatifard,0,0
161208_NS500577_0276_AHWTH2BGXY,TANGO-594,2016-12-08,Shilatifard,0,0
161209_NB501015_0209_AHWW22BGXY,TANGO-588,2016-12-09,Shilatifard,0,0
161209_NS500577_0277_AHWTH3BGXY,TANGO-595,2016-12-09,Shilatifard,0,0
161212_NB501015_0210_AH2TGWBGX2,TANGO-596,2016-12-12,Shilatifard,0,0
161212_NS500577_0278_AHWVVCBGXY,TANGO-597,2016-12-12,Shilatifard,0,0
161215_NB501015_0211_AH55NKBGX2,TANGO-586,2016-12-15,Shilatifard,0,0
161215_NS500577_0279_AH7NVCBGX2,TANGO-605,2016-12-15,Shilatifard,0,0
161216_NB501015_0212_AH2TKYBGX2,TANGO-593,2016-12-16,Shilatifard,1,0
161216_NB501015_0212_AH2TKYBGX2,TANGO-599,2016-12-16,Shilatifard,1,0
161216_NS500577_0280_AHWTGMBGXY,TANGO-603,2016-12-16,Shilatifard,0,0
161219_NB501015_0213_AHWTGTBGXY,TANGO-600,2016-12-19,Shilatifard,1,0
161219_NB501015_0213_AHWTGTBGXY,TANGO-602,2016-12-19,Shilatifard,1,0
161219_NS500577_0281_AH2TKGBGX2,TANGO-601,2016-12-19,Shilatifard,0,0
161220_NB501015_0214_AHWW7TBGXY,TANGO-598,2016-12-20,Shilatifard,0,0
161220_NS500577_0282_AH2TLGBGX2,TANGO-604,2016-12-20,Shilatifard,0,0
161221_NB501015_0215_AHWYJMBGXY,TANGO-606,2016-12-21,Shilatifard,0,0
161221_NS500577_0283_AHWVVFBGXY,TANGO-610,2016-12-21,Shilatifard,0,0
161222_NB501015_0216_AHWWC5BGXY,TANGO-589,2016-12-22,Shilatifard,1,0
161222_NB501015_0216_AHWWC5BGXY,TANGO-611,2016-12-22,Shilatifard,1,0
161222_NS500577_0284_AHWWGFBGXY,TANGO-612,2016-12-22,Shilatifard,0,0
170106_NB501015_0217_AHWWTCBGXY,TANGO-609,2017-01-06,Shilatifard,0,0
170106_NS500577_0285_AHFCW7BGX2,PLDI-020,2017-01-06,Panos,0,0
170109_NB501015_0218_AHWWGMBGXY,TANGO-613,2017-01-09,Shilatifard,0,0
170109_NS500577_0286_AH2TKVBGX2,TANGO-614,2017-01-09,Shilatifard,0,0
170110_NB501015_0219_AHWVM5BGXY,TANGO-616,2017-01-10,Shilatifard,0,0
170110_NS500577_0287_AH2TKTBGX2,TANGO-615,2017-01-10,Shilatifard,0,0
170111_NB501015_0220_AH2TLFBGX2,TANGO-617,2017-01-11,Shilatifard,0,0
170111_NS500577_0288_AHWMLVBGXY,TANGO-618,2017-01-11,Shilatifard,0,0
170117_NB501015_0221_AHWLWJBGXY,TANGO-625,2017-01-17,Shilatifard,0,0
170117_NS500577_0289_AHWLWTBGXY,TANGO-626,2017-01-17,Shilatifard,0,0
170120_NB501015_0222_AHWMH7BGXY,TANGO-608,2017-01-20,Shilatifard,1,0
170120_NB501015_0222_AHWMH7BGXY,TANGO-638,2017-01-20,Shilatifard,1,0
170120_NS500577_0290_AHWMHLBGXY,TANGO-623,2017-01-20,Shilatifard,0,1
170123_NB501015_0223_AHWMHJBGXY,TANGO-627,2017-01-23,Shilatifard,0,0
170123_NS500577_0291_AH2TLHBGX2,TANGO-629,2017-01-23,Shilatifard,0,0
170124_NB501015_0224_AHWTGNBGXY,TANGO-631,2017-01-24,Shilatifard,0,0
170124_NS500577_0292_AHWVY2BGXY,TANGO-632,2017-01-24,Shilatifard,0,0
170125_NB501015_0225_AH2TC3BGX2,TANGO-634,2017-01-25,Shilatifard,0,0
170125_NS500577_0293_AHWW2VBGXY,TANGO-635,2017-01-25,Shilatifard,0,0
170126_NB501015_0226_AHWT2LBGXY,TANGO-620,2017-01-26,Shilatifard,0,0
170126_NS500577_0294_AHKV3TBGXY,PLDI-021,2017-01-26,Panos,0,0
170127_NB501015_0227_AHWVWYBGXY,TANGO-640,2017-01-27,Shilatifard,0,0
170127_NS500577_0295_AHWVV2BGXY,TANGO-641,2017-01-27,Shilatifard,0,0
170130_NB501015_0228_AHW5YVBGXY,TANGO-642,2017-01-30,Shilatifard,0,0
170130_NS500577_0296_AHW7W2BGXY,TANGO-643,2017-01-30,Shilatifard,0,0
170131_NB501015_0229_AHWMHKBGXY,TANGO-623,2017-01-31,Shilatifard,0,1
170131_NS500577_0297_AHWLWKBGXY,TANGO-624,2017-01-31,Shilatifard,0,0
170201_NB501015_0230_AHW7WGBGXY,TANGO-621,2017-02-01,Shilatifard,0,0
170201_NS500577_0298_AHCVL2BGX2,TANGO-622,2017-02-01,Shilatifard,0,0
170202_NB501015_0231_AHWTGVBGXY,TANGO-628,2017-02-02,Shilatifard,0,0
170202_NS500577_0299_AHWLWMBGXY,TANGO-655,2017-02-02,Shilatifard,0,0
170203_NB501015_0232_AHL23JBGXY,PLDI-022,2017-02-03,Panos,0,0
170203_NS500577_0300_AHWY7LBGXY,TANGO-636,2017-02-03,Shilatifard,0,0
170206_NB501015_0233_AHCVW7BGX2,TANGO-630,2017-02-06,Shilatifard,0,0
170206_NS500577_0301_AH2TL7BGX2,TANGO-637,2017-02-06,Shilatifard,0,0
170207_NB501015_0234_AHCLWHBGX2,PLDI-023,2017-02-07,Panos,0,0
170208_NB501015_0235_AHCNKVBGX2,TANGO-633,2017-02-08,Shilatifard,1,0
170208_NB501015_0235_AHCNKVBGX2,TANGO-645,2017-02-08,Shilatifard,1,0
170208_NS500577_0302_AHCVGHBGX2,TANGO-651,2017-02-08,Shilatifard,0,1
170209_NB501015_0236_AHW773BGXY,TANGO-663,2017-02-09,Shilatifard,0,0
170210_NB501015_0237_AHW3WCBGXY,TANGO-658,2017-02-10,Shilatifard,1,0
170210_NB501015_0237_AHW3WCBGXY,TANGO-662,2017-02-10,Shilatifard,1,0
170213_NB501015_0238_AHCLGWBGX2,TANGO-656,2017-02-13,Shilatifard,0,0
170214_NB501015_0239_AHCMGCBGX2,TANGO-646,2017-02-14,Shilatifard,0,0
170215_NB501015_0240_AHCLH5BGX2,TANGO-651,2017-02-15,Shilatifard,0,1
170216_NB501015_0241_AHCN32BGX2,TANGO-654,2017-02-16,Shilatifard,0,0
170217_NB501015_0242_AHYF2WBGXY,TANGO-657,2017-02-17,Shilatifard,0,0
170218_NB501015_0243_AHCT7GBGX2,"""""",2000-01-01,"""""",0,0
170220_NB501015_0244_AHCT2FBGX2,TANGO-648,2017-02-20,Shilatifard,1,0
170220_NB501015_0244_AHCT2FBGX2,TANGO-653,2017-02-20,Shilatifard,1,0
170221_NB501015_0245_AHW725BGXY,TANGO-647,2017-02-21,Shilatifard,0,0
170222_NB501015_0246_AHWF5VBGXY,TANGO-660,2017-02-22,Shilatifard,0,0
170223_NB501015_0247_AHYGNTBGXY,MLM_3,2017-02-23,Mendillo,1,1
170223_NB501015_0247_AHYGNTBGXY,MLM_6,2017-02-23,Mendillo,1,0
170223_NB501015_0247_AHYGNTBGXY,MLM_9,2017-02-23,Mendillo,1,0
170223_NS500577_0303_AHW7WHBGXY,TANGO-659,2017-02-23,Shilatifard,0,0
170224_NS500577_0304_AHYJ7NBGXY,TANGO-664,2017-02-24,Shilatifard,0,0
170301_NS500175_0007_AHGK52BGX2,TANGO-644,2017-03-01,Shilatifard,1,1
170301_NS500175_0007_AHGK52BGX2,TANGO-667,2017-03-01,Shilatifard,1,1
170301_NS500309_0118_AHGM2LBGX2,TANGO-681,2017-03-01,Shilatifard,0,0
170301_NS500577_0305_AHW577BGXY,TANGO-644,2017-03-01,Shilatifard,1,1
170301_NS500577_0305_AHW577BGXY,TANGO-684,2017-03-01,Shilatifard,1,0
170303_NB501015_0248_AHCVWJBGX2,TANGO-671,2017-03-03,Shilatifard,1,0
170303_NB501015_0248_AHCVWJBGX2,TANGO-676,2017-03-03,Shilatifard,1,0
170303_NS500577_0306_AHCLT7BGX2,PLDI-024,2017-03-03,Panos,0,0
170306_NB501015_0249_AHW75TBGXY,TANGO-675,2017-03-06,Shilatifard,1,1
170306_NB501015_0249_AHW75TBGXY,TANGO-677,2017-03-06,Shilatifard,1,0
170306_NS500577_0307_AHHL2WBGXY,TANGO-673,2017-03-06,Shilatifard,0,0
170307_NB501015_0250_AHCT2LBGX2,TANGO-667,2017-03-07,Shilatifard,1,1
170307_NB501015_0250_AHCT2LBGX2,TANGO-670,2017-03-07,Shilatifard,1,0
170307_NS500577_0308_AHYKVMBGXY,TANGO-661,2017-03-07,Shilatifard,0,0
170308_NB501015_0251_AHW722BGXY,TANGO-669,2017-03-08,Shilatifard,0,0
170308_NS500577_0309_AHW52LBGXY,TANGO-590,2017-03-08,Shilatifard,0,0
170309_NB501015_0252_AHW3VYBGXY,TANGO-678,2017-03-09,Shilatifard,0,0
170309_NS500577_0310_AHW3NWBGXY,TANGO-686,2017-03-09,Shilatifard,0,0
170310_NB501015_0253_AHCTHNBGX2,TANGO-668,2017-03-10,Shilatifard,1,0
170310_NB501015_0253_AHCTHNBGX2,TANGO-689,2017-03-10,Shilatifard,1,0
170310_NS500577_0311_AHW5YNBGXY,TANGO-675,2017-03-10,Shilatifard,0,1
170311_NB501015_0254_AHCVGWBGX2,TANGO-683,2017-03-11,Shilatifard,0,0
170311_NS500577_0312_AHCVL3BGX2,TANGO-688,2017-03-11,Shilatifard,1,0
170311_NS500577_0312_AHCVL3BGX2,TANGO-694,2017-03-11,Shilatifard,1,0
170313_NB501015_0255_AHCVTYBGX2,TANGO-685,2017-03-13,Shilatifard,0,0
170313_NS500577_0313_AHYCVTBGXY,TANGO-691,2017-03-13,Shilatifard,0,0
170314_NB501015_0256_AHYCWYBGXY,TANGO-665,2017-03-14,Shilatifard,1,0
170314_NB501015_0256_AHYCWYBGXY,TANGO-682,2017-03-14,Shilatifard,1,0
170314_NS500577_0314_AHCNV7BGX2,TANGO-679,2017-03-14,Shilatifard,0,0
170315_NB501015_0257_AHCNYLBGX2,TANGO-680,2017-03-15,Shilatifard,1,0
170315_NB501015_0257_AHCNYLBGX2,TANGO-695,2017-03-15,Shilatifard,1,1
170315_NS500577_0315_AHCNFGBGX2,TANGO-690,2017-03-15,Shilatifard,0,1
170316_NB501015_0258_AHCNF7BGX2,TANGO-693,2017-03-16,Shilatifard,0,1
170317_NB501015_0259_AHCT2TBGX2,TANGO-696,2017-03-17,Shilatifard,1,0
170317_NB501015_0259_AHCT2TBGX2,TANGO-697,2017-03-17,Shilatifard,1,0
170317_NS500577_0316_AHCT2HBGX2,TANGO-702,2017-03-17,Shilatifard,1,0
170317_NS500577_0316_AHCT2HBGX2,TANGO-703,2017-03-17,Shilatifard,1,0
170317_NS500577_0316_AHCT2HBGX2,TANGO-704,2017-03-17,Shilatifard,1,0
170320_NB501015_0260_AHCVHLBGX2,TANGO-698,2017-03-20,Shilatifard,1,0
170320_NB501015_0260_AHCVHLBGX2,TANGO-699,2017-03-20,Shilatifard,1,0
170320_NS500577_0317_AHYF3KBGXY,TANGO-700,2017-03-20,Shilatifard,0,0
170321_NB501015_0261_AHYMVTBGXY,TANGO-708,2017-03-21,Shilatifard,0,0
170322_NB501015_0262_AHW7W5BGXY,TANGO-709,2017-03-22,Shilatifard,0,0
170323_NB501015_0263_AHLWLWBGX2,TANGO-692,2017-03-23,Shilatifard,0,0
170323_NS500577_0318_AHCT7MBGX2,TANGO-690,2017-03-23,Shilatifard,0,1
170327_NB501015_0264_AHM3GNBGX2,TANGO-705,2017-03-27,Shilatifard,0,0
170327_NS500577_0319_AHM55CBGX2,TANGO-707,2017-03-27,Shilatifard,0,0
170329_NB501015_0265_AHMFTWBGX2,TANGO-701,2017-03-29,Shilatifard,1,0
170329_NB501015_0265_AHMFTWBGX2,TANGO-714,2017-03-29,Shilatifard,1,0
170329_NS500577_0320_AHM22HBGX2,TANGO-710,2017-03-29,Shilatifard,1,1
170329_NS500577_0320_AHM22HBGX2,TANGO-716,2017-03-29,Shilatifard,1,1
170330_NB501015_0266_AHCT23BGX2,TANGO-693,2017-03-30,Shilatifard,0,1
170330_NS500577_0321_AHW7W3BGXY,TANGO-710,2017-03-30,Shilatifard,1,1
170330_NS500577_0321_AHW7W3BGXY,TANGO-716,2017-03-30,Shilatifard,1,1
170331_NB501015_0267_AHCNYFBGX2,TANGO-695,2007-03-31,Shilatifard,1,1
170331_NB501015_0267_AHCNYFBGX2,TANGO-712,2007-03-31,Shilatifard,1,0
170331_NS500577_0322_AHW7J5BGXY,TANGO-711,2017-03-31,Shilatifard,0,0
170404_NB501015_0268_AHLYMYBGX2,TANGO-706,2017-04-04,Shilatifard,0,0
170404_NS500577_0323_AHMG3GBGX2,TANGO-718,2017-04-04,Shilatifard,0,0
170406_NS500577_0325_AHMG7JBGX2,TANGO-715,2017-04-07,Shilatifard,0,1
170412_NB501015_0272_AHMTH3BGX2,TANGO-721,2017-04-12,Shilatifard,1,0
170412_NB501015_0272_AHMTH3BGX2,TANGO-722,2017-04-12,Shilatifard,1,0
170412_NS500577_0327_AHLYWTBGX2,TANGO-723,2017-04-12,Shilatifard,1,0
170412_NS500577_0327_AHLYWTBGX2,TANGO-724,2017-04-12,Shilatifard,1,0
170413_NB501015_0273_AHMFK7BGX2,TANGO-726,2017-04-13,Shilatifard,0,0
170413_NS500577_0328_AHLYVYBGX2,TANGO-727,2017-04-13,Shilatifard,0,0
170414_NB501015_0274_AHLYV7BGX2,TANGO-717,2017-04-14,Shilatifard,1,0
170414_NB501015_0274_AHLYV7BGX2,TANGO-731,2017-04-14,Shilatifard,1,0
170414_NB501015_0274_AHLYV7BGX2,TANGO-732,2017-04-14,Shilatifard,1,0
170414_NS500577_0329_AHLW37BGX2,TANGO-720,2017-04-14,Shilatifard,0,0
170417_NB501015_0275_AHMFTFBGX2,TANGO-719,2017-04-17,Shilatifard,0,0
170417_NS500577_0330_AHMG5FBGX2,TANGO-730,2017-04-17,Shilatifard,0,0
170418_NB501015_0276_AHMFMVBGX2,TANGO-725,2017-04-18,Shilatifard,0,0
170418_NS500577_0331_AHMG2WBGX2,TANGO-739,2017-04-18,Shilatifard,1,0
170418_NS500577_0331_AHMG2WBGX2,TANGO-740,2017-04-18,Shilatifard,1,0
170419_NB501015_0277_AHMTKWBGX2,TANGO-737,2017-04-19,Shilatifard,0,0
170419_NS500577_0332_AHMG2YBGX2,TANGO-738,2017-04-19,Shilatifard,0,0
170420_NB501015_0278_AHMFNYBGX2,TANGO-733,2017-04-20,Shilatifard,0,0
170420_NS500577_0333_AHMTCTBGX2,TANGO-735,2017-04-20,Shilatifard,0,0
170420_NS500577_0334_AHMFLVBGX2,TANGO-741,2017-04-20,Shilatifard,0,0
170424_NB501015_0279_AHMG7LBGX2,TANGO-736,2017-04-24,Shilatifard,0,0
170425_NB501015_0280_AHMFV7BGX2,TANGO-742,2017-04-25,Shilatifard,0,0
170425_NS500577_0335_AHMFJNBGX2,TANGO-745,2017-04-25,Shilatifard,0,0
170426_NB501015_0281_AHMTH5BGX2,TANGO-744,2017-04-26,Shilatifard,0,0
170426_NS500577_0336_AHMGVCBGX2,TANGO-746,2017-04-26,Shilatifard,0,0
170427_NB501015_0282_AHYTJHBGXY,MLM_2,2017-04-27,Mendillo,1,0
170427_NB501015_0282_AHYTJHBGXY,MLM_3,2017-04-27,Mendillo,1,1
170427_NB501015_0282_AHYTJHBGXY,MLM_5,2017-04-27,Mendillo,1,0
170427_NS500577_0337_AHMGK3BGX2,TANGO-734,2017-04-27,Shilatifard,1,0
170427_NS500577_0337_AHMGK3BGX2,TANGO-743,2017-04-27,Shilatifard,1,0
170428_NS500577_0338_AHMG7GBGX2,TANGO-713,2017-04-28,Shilatifard,0,0
170502_NB501015_0283_AHMFLYBGX2,TANGO-748,2017-05-02,Shilatifard,0,0
170502_NS500577_0339_AHMTHGBGX2,TANGO-749,2017-05-02,Shilatifard,0,0
170503_NB501015_0284_AHMFTCBGX2,TANGO-728,2017-05-03,Shilatifard,1,0
170503_NB501015_0284_AHMFTCBGX2,TANGO-729,2017-05-03,Shilatifard,1,0
170503_NB501015_0284_AHMFTCBGX2,TANGO-756,2017-05-03,Shilatifard,1,0
170503_NS500577_0340_AHLYNFBGX2,TANGO-747,2017-05-03,Shilatifard,0,0
170505_NB501015_0285_AHMFC7BGX2,TANGO-750,2017-05-05,Shilatifard,1,0
170505_NB501015_0285_AHMFC7BGX2,TANGO-752,2017-05-05,Shilatifard,1,0
170505_NS500577_0341_AHMG7TBGX2,TANGO-754,2017-05-05,Shilatifard,1,0
170505_NS500577_0341_AHMG7TBGX2,TANGO-758,2017-05-05,Shilatifard,1,0
170505_NS500577_0341_AHMG7TBGX2,TANGO-759,2017-05-05,Shilatifard,1,0
170505_NS500577_0341_AHMG7TBGX2,TANGO-715,2017-05-05,Shilatifard,1,1
170509_NB501015_0286_AHMGKCBGX2,TANGO-762,2017-05-09,Shilatifard,0,0
170510_NB501015_0287_AHMFV3BGX2,TANGO-753,2017-05-10,Shilatifard,0,0
170510_NS500577_0342_AHMFJVBGX2,TANGO-757,2017-05-10,Shilatifard,0,0
170511_NB501015_0288_AHMTF2BGX2,TANGO-755,2017-05-11,Shilatifard,0,0
170516_NB501015_0289_AHMGV5BGX2,TANGO-763,2017-05-16,Shilatifard,0,0
170516_NS500577_0343_AHMTCJBGX2,TANGO-775,2017-05-16,Shilatifard,0,0